Cultura,Quantidade_a_ser_Plantada_Toneladas,Producao_Total_Toneladas,Tipo_de_Solo,Tipo_de_Irrigacao,Frequencia_Irrigacao,Temperatura_Media,Fertilizante,Pragas,Rotacao_de_Culturas,Tecnologia_Utilizada,Perimetro,Estacao,Custo_Fertilizante
Arroz,52,213.2,Calcário,Sulcos,Mensal,31,Fosfato,Fungos,Não,Alto,106.18101782710437,Inverno,180
Batata,93,288.3,Areia,Sulcos,Semanal,25,Fosfato,Fungos,Sim,Baixo,192.60714596148742,Primavera,180
Batata,15,52.5,Aluvial,Sulcos,Semanal,29,Nenhum,Ferrugem,Não,Baixo,159.79909127171078,Verão,0
Arroz,72,252.0,Argila,Sulcos,Mensal,25,Fosfato,Insetos,Não,Médio,139.7987726295555,Verão,180
Cana-de-Açúcar,61,231.8,Aluvial,Sulcos,Diária,30,Fosfato,Insetos,Não,Baixo,73.40279606636548,Verão,180
Arroz,21,77.7,Argila,Sulcos,Mensal,25,Fosfato,Nenhuma,Não,Alto,73.3991780504304,Verão,180
Uva,83,257.3,Silte,Gotejamento,Diária,18,Composto,Ferrugem,Sim,Baixo,58.71254182522992,Outono,150
Soja,87,278.40000000000003,Argila,Gotejamento,Diária,24,Nenhum,Ferrugem,Sim,Alto,179.92642186624028,Verão,0
Uva,75,240.0,Calcário,Sulcos,Mensal,22,Fosfato,Ferrugem,Sim,Baixo,140.16725176148134,Outono,180
Milho,75,277.5,Areia,Aspersão,Mensal,32,Nenhum,Ferrugem,Sim,Baixo,156.21088666940682,Outono,0
Cana-de-Açúcar,88,378.4,Silte,Aspersão,Diária,33,Orgânico,Insetos,Não,Baixo,53.08767414437037,Verão,100
Cana-de-Açúcar,24,76.80000000000001,Argila,Aspersão,Diária,19,Orgânico,Insetos,Sim,Baixo,195.48647782429916,Verão,100
Trigo,3,12.0,Aluvial,Gotejamento,Diária,27,Fosfato,Fungos,Não,Alto,174.86639612006326,Inverno,180
Café,22,57.2,Silte,Gotejamento,Mensal,19,Nenhum,Insetos,Sim,Alto,81.85086660174142,Primavera,0
Milho,53,174.9,Silte,Gotejamento,Mensal,26,Nenhum,Fungos,Sim,Médio,77.2737450810651,Verão,0
Batata,2,9.2,Argila,Aspersão,Diária,33,Nenhum,Insetos,Sim,Alto,77.51067647801507,Inverno,0
Cana-de-Açúcar,88,246.4,Silte,Gotejamento,Diária,18,Composto,Insetos,Não,Baixo,95.63633644393066,Inverno,150
Arroz,30,96.0,Aluvial,Gotejamento,Mensal,22,Orgânico,Ferrugem,Sim,Médio,128.71346474483568,Primavera,100
Milho,38,148.2,Silte,Aspersão,Diária,31,Nenhum,Ferrugem,Sim,Médio,114.79175279631737,Outono,0
Trigo,2,6.4,Aluvial,Sulcos,Semanal,19,Nenhum,Nenhuma,Não,Médio,93.68437102970628,Verão,0
Batata,64,204.8,Argila,Gotejamento,Diária,19,Composto,Insetos,Sim,Baixo,141.77793420835692,Primavera,150
Café,60,234.0,Areia,Gotejamento,Semanal,28,Composto,Nenhuma,Sim,Alto,70.92407909780627,Verão,150
Café,21,56.7,Silte,Aspersão,Mensal,22,Nenhum,Insetos,Não,Baixo,93.82169728028272,Inverno,0
Trigo,33,82.5,Areia,Aspersão,Mensal,18,Nitrogênio,Fungos,Não,Médio,104.95427649405376,Inverno,200
Trigo,76,296.4,Aluvial,Sulcos,Mensal,29,Nenhum,Insetos,Não,Baixo,118.41049763255539,Outono,0
Arroz,58,197.2,Silte,Sulcos,Semanal,26,Nenhum,Ferrugem,Sim,Baixo,167.77639420895204,Inverno,0
Cana-de-Açúcar,22,81.4,Calcário,Aspersão,Diária,24,Composto,Nenhuma,Sim,Alto,79.95106732375396,Inverno,150
Café,89,364.9,Areia,Sulcos,Semanal,33,Composto,Fungos,Não,Alto,127.13516576204174,Primavera,150
Batata,49,166.6,Silte,Gotejamento,Mensal,29,Nenhum,Insetos,Não,Médio,138.86218532930639,Verão,0
Milho,91,254.8,Areia,Sulcos,Diária,18,Nenhum,Ferrugem,Sim,Baixo,56.96756190799966,Verão,0
Batata,59,259.6,Silte,Sulcos,Semanal,33,Nenhum,Fungos,Sim,Baixo,141.13172778521576,Primavera,0
Soja,42,126.0,Argila,Gotejamento,Mensal,23,Composto,Insetos,Não,Alto,75.57861855309373,Outono,150
Soja,92,331.2,Areia,Gotejamento,Semanal,25,Nenhum,Nenhuma,Não,Baixo,59.75773894779193,Verão,0
Trigo,60,234.0,Calcário,Aspersão,Diária,26,Nenhum,Insetos,Não,Baixo,192.33283058799998,Inverno,0
Arroz,80,320.0,Calcário,Sulcos,Mensal,28,Fosfato,Nenhuma,Sim,Baixo,194.8448049611839,Verão,180
Soja,15,48.0,Aluvial,Gotejamento,Semanal,21,Nitrogênio,Nenhuma,Sim,Alto,171.25960221746917,Inverno,200
Café,62,210.8,Silte,Aspersão,Diária,24,Orgânico,Fungos,Sim,Médio,95.6920653760056,Outono,100
Batata,62,248.0,Areia,Sulcos,Mensal,33,Nitrogênio,Fungos,Não,Médio,64.65081710095758,Primavera,200
Batata,47,211.5,Aluvial,Gotejamento,Mensal,33,Fosfato,Nenhuma,Não,Baixo,152.63495397682354,Verão,180
Trigo,62,223.2,Areia,Gotejamento,Semanal,30,Orgânico,Insetos,Sim,Médio,116.0228740609402,Primavera,100
Cana-de-Açúcar,51,224.4,Silte,Sulcos,Diária,31,Nenhum,Ferrugem,Não,Alto,68.30573522671682,Verão,0
Cana-de-Açúcar,55,192.5,Calcário,Sulcos,Diária,22,Fosfato,Fungos,Sim,Alto,124.27653651669053,Inverno,180
Milho,64,217.6,Argila,Sulcos,Semanal,23,Nenhum,Insetos,Não,Médio,55.15827816728276,Primavera,0
Trigo,3,11.4,Calcário,Sulcos,Mensal,28,Composto,Nenhuma,Não,Médio,186.39806031181732,Verão,150
Uva,51,224.4,Aluvial,Sulcos,Mensal,29,Fosfato,Nenhuma,Não,Baixo,88.81699724000254,Inverno,180
Milho,7,28.7,Argila,Gotejamento,Mensal,26,Composto,Nenhuma,Não,Médio,149.3783426530973,Primavera,150
Uva,21,56.7,Aluvial,Sulcos,Mensal,22,Fosfato,Fungos,Sim,Baixo,96.75666141341165,Primavera,180
Cana-de-Açúcar,73,240.9,Silte,Sulcos,Diária,25,Fosfato,Ferrugem,Não,Baixo,128.0102031766716,Verão,180
Trigo,39,183.3,Argila,Aspersão,Mensal,35,Composto,Nenhuma,Sim,Alto,132.00654190149194,Verão,150
Uva,18,75.60000000000001,Aluvial,Aspersão,Mensal,35,Orgânico,Fungos,Sim,Alto,77.72816832882906,Verão,100
Trigo,4,14.8,Silte,Aspersão,Semanal,26,Nitrogênio,Ferrugem,Sim,Alto,195.4376941646838,Inverno,200
Trigo,89,382.7,Calcário,Aspersão,Diária,30,Nenhum,Ferrugem,Não,Alto,166.2699235041672,Verão,0
Cana-de-Açúcar,60,168.0,Silte,Aspersão,Diária,18,Fosfato,Fungos,Não,Médio,190.92484123462836,Primavera,180
Milho,14,39.2,Areia,Aspersão,Diária,18,Nenhum,Insetos,Não,Alto,184.22410256414733,Primavera,0
Milho,9,29.700000000000003,Silte,Aspersão,Mensal,26,Composto,Ferrugem,Sim,Médio,139.68499682166276,Verão,150
Trigo,90,315.0,Silte,Gotejamento,Diária,22,Nenhum,Nenhuma,Não,Alto,188.2811352534675,Verão,0
Soja,53,243.8,Areia,Aspersão,Semanal,33,Composto,Nenhuma,Sim,Médio,63.273875307787925,Outono,150
Arroz,2,5.8,Aluvial,Sulcos,Diária,19,Nenhum,Fungos,Sim,Baixo,79.39742936287178,Primavera,0
Cana-de-Açúcar,84,394.8,Aluvial,Aspersão,Mensal,35,Nitrogênio,Nenhuma,Sim,Médio,56.78409333658071,Inverno,200
Arroz,92,386.4,Silte,Aspersão,Diária,24,Nitrogênio,Nenhuma,Sim,Médio,98.79954961448965,Outono,200
Arroz,60,180.0,Areia,Aspersão,Semanal,24,Nitrogênio,Fungos,Sim,Alto,108.3015934534223,Verão,200
Milho,71,269.8,Areia,Gotejamento,Diária,25,Nitrogênio,Insetos,Não,Médio,90.70235476608438,Verão,200
Milho,44,167.2,Calcário,Aspersão,Semanal,25,Nitrogênio,Nenhuma,Não,Baixo,174.3106263727894,Primavera,200
Soja,8,19.2,Aluvial,Gotejamento,Semanal,18,Nitrogênio,Insetos,Sim,Baixo,103.51299900403839,Verão,200
Arroz,47,183.3,Argila,Aspersão,Mensal,32,Composto,Insetos,Sim,Alto,92.14017645310712,Inverno,150
Arroz,35,164.5,Aluvial,Sulcos,Semanal,34,Fosfato,Nenhuma,Sim,Baixo,131.40441247373727,Primavera,180
Trigo,78,234.0,Aluvial,Aspersão,Mensal,23,Nenhum,Ferrugem,Sim,Médio,71.1386337462144,Verão,0
Milho,81,405.0,Calcário,Gotejamento,Diária,35,Nitrogênio,Nenhuma,Sim,Baixo,170.32954711310595,Primavera,200
Arroz,36,140.4,Argila,Gotejamento,Semanal,26,Composto,Nenhuma,Não,Alto,61.182596551965624,Verão,150
Batata,50,215.0,Calcário,Aspersão,Mensal,33,Composto,Ferrugem,Não,Médio,198.03304049007758,Verão,150
Soja,4,12.0,Argila,Sulcos,Mensal,20,Composto,Nenhuma,Não,Alto,165.8367153944986,Verão,150
Uva,2,9.0,Silte,Sulcos,Diária,32,Fosfato,Fungos,Sim,Médio,79.80735223012586,Inverno,180
Batata,6,19.8,Argila,Aspersão,Semanal,25,Nenhum,Insetos,Sim,Baixo,50.828317568540356,Inverno,0
Batata,54,216.0,Calcário,Sulcos,Semanal,32,Fosfato,Ferrugem,Não,Alto,172.31921426822512,Primavera,180
Uva,4,14.4,Aluvial,Gotejamento,Diária,21,Orgânico,Nenhuma,Sim,Alto,156.02860157714258,Verão,100
Cana-de-Açúcar,54,199.8,Argila,Gotejamento,Semanal,31,Composto,Ferrugem,Sim,Médio,159.3510752061481,Verão,150
Cana-de-Açúcar,93,362.7,Argila,Gotejamento,Semanal,33,Orgânico,Fungos,Sim,Alto,165.69055200289188,Inverno,100
Soja,63,207.9,Areia,Gotejamento,Mensal,28,Nitrogênio,Fungos,Não,Médio,61.106697760113555,Verão,200
Batata,18,90.0,Aluvial,Aspersão,Mensal,35,Nitrogênio,Nenhuma,Sim,Médio,103.76985928164089,Inverno,200
Arroz,90,243.00000000000003,Silte,Sulcos,Diária,19,Fosfato,Insetos,Não,Médio,67.38035892876945,Verão,180
Milho,44,123.2,Calcário,Sulcos,Mensal,18,Nenhum,Fungos,Não,Médio,179.46551388133904,Primavera,0
Soja,34,136.0,Silte,Aspersão,Diária,27,Orgânico,Nenhuma,Não,Baixo,143.4947190241337,Verão,100
Trigo,74,281.2,Aluvial,Gotejamento,Semanal,30,Nenhum,Insetos,Sim,Médio,99.63470372789737,Verão,0
Uva,62,198.4,Argila,Sulcos,Diária,22,Fosfato,Insetos,Sim,Alto,59.53375254290354,Outono,180
Batata,14,56.0,Argila,Gotejamento,Diária,32,Nitrogênio,Fungos,Não,Baixo,96.64734825734934,Inverno,200
Soja,95,380.0,Aluvial,Aspersão,Mensal,35,Nenhum,Fungos,Sim,Alto,98.77749830401206,Verão,0
Café,48,129.60000000000002,Argila,Sulcos,Semanal,21,Nenhum,Fungos,Não,Baixo,159.4409267507096,Verão,0
Café,15,46.5,Argila,Aspersão,Mensal,21,Nitrogênio,Ferrugem,Não,Médio,145.63362070328196,Outono,200
Cana-de-Açúcar,72,180.0,Argila,Sulcos,Mensal,20,Orgânico,Ferrugem,Não,Baixo,183.08191138644898,Outono,100
Uva,78,343.20000000000005,Calcário,Sulcos,Diária,31,Nitrogênio,Insetos,Sim,Baixo,120.83223877429239,Inverno,200
Milho,87,356.70000000000005,Calcário,Aspersão,Diária,26,Nenhum,Nenhuma,Sim,Alto,67.93913689074526,Outono,0
Arroz,62,223.2,Areia,Aspersão,Mensal,29,Orgânico,Fungos,Sim,Alto,156.98671808344926,Primavera,100
Milho,40,124.0,Silte,Gotejamento,Mensal,24,Orgânico,Fungos,Sim,Médio,164.11775729253463,Outono,100
Milho,85,221.0,Aluvial,Aspersão,Semanal,18,Nitrogênio,Ferrugem,Não,Baixo,134.19157963542443,Primavera,200
Milho,80,304.0,Aluvial,Sulcos,Semanal,30,Nenhum,Ferrugem,Não,Baixo,165.64507699318415,Inverno,0
Uva,82,311.6,Aluvial,Aspersão,Semanal,30,Fosfato,Insetos,Não,Baixo,124.06933945465862,Inverno,180
Milho,53,174.89999999999998,Areia,Sulcos,Diária,20,Nenhum,Insetos,Sim,Médio,128.40992440729912,Inverno,0
Trigo,24,98.4,Calcário,Gotejamento,Mensal,26,Composto,Nenhuma,Sim,Médio,114.13115275378244,Inverno,150
Uva,26,106.6,Areia,Aspersão,Semanal,25,Fosfato,Nenhuma,Sim,Médio,53.81286901161428,Inverno,180
Trigo,89,356.0,Aluvial,Aspersão,Diária,32,Orgânico,Ferrugem,Sim,Médio,66.18371404899567,Primavera,100
Uva,60,210.0,Silte,Sulcos,Semanal,29,Fosfato,Fungos,Não,Médio,54.714377853010134,Primavera,180
Cana-de-Açúcar,41,123.0,Argila,Gotejamento,Diária,22,Orgânico,Fungos,Sim,Alto,145.46156168956708,Inverno,100
Soja,29,147.89999999999998,Calcário,Gotejamento,Semanal,35,Orgânico,Nenhuma,Sim,Baixo,97.15339716144899,Outono,100
Café,15,69.0,Calcário,Sulcos,Semanal,35,Fosfato,Ferrugem,Sim,Baixo,126.28560367470541,Verão,180
Milho,45,130.5,Areia,Sulcos,Diária,19,Orgânico,Insetos,Sim,Baixo,186.13497108891394,Inverno,100
Cana-de-Açúcar,65,240.5,Calcário,Sulcos,Semanal,29,Orgânico,Ferrugem,Não,Baixo,87.39383437233124,Outono,100
Soja,89,267.0,Aluvial,Gotejamento,Mensal,23,Composto,Insetos,Não,Baixo,111.55743845534445,Verão,150
Café,71,284.0,Aluvial,Gotejamento,Mensal,35,Nenhum,Ferrugem,Sim,Baixo,163.3326707814573,Inverno,0
Batata,9,34.2,Areia,Gotejamento,Diária,28,Nenhum,Insetos,Não,Baixo,84.31972482374337,Inverno,0
Arroz,88,308.0,Aluvial,Sulcos,Mensal,25,Composto,Fungos,Sim,Baixo,61.54698647431895,Primavera,150
Trigo,1,3.4,Silte,Sulcos,Diária,24,Fosfato,Ferrugem,Sim,Alto,93.46271793706521,Verão,180
Batata,8,35.2,Areia,Sulcos,Diária,34,Nitrogênio,Insetos,Não,Baixo,74.18319308810067,Verão,200
Uva,88,396.0,Silte,Aspersão,Semanal,29,Nitrogênio,Nenhuma,Sim,Alto,189.45464785138597,Outono,200
Café,63,233.1,Argila,Aspersão,Mensal,30,Nitrogênio,Insetos,Sim,Médio,171.21805693466254,Primavera,200
Batata,11,52.8,Silte,Sulcos,Diária,35,Composto,Insetos,Sim,Baixo,145.0105634765635,Primavera,150
Arroz,81,315.9,Argila,Gotejamento,Semanal,28,Composto,Fungos,Sim,Médio,180.71908852815767,Primavera,150
Cana-de-Açúcar,8,28.0,Argila,Aspersão,Mensal,28,Orgânico,Insetos,Não,Médio,170.55081153486717,Primavera,100
Café,35,129.5,Silte,Gotejamento,Diária,27,Nitrogênio,Ferrugem,Não,Médio,77.98550883290537,Verão,200
Batata,35,94.5,Areia,Sulcos,Semanal,21,Fosfato,Ferrugem,Não,Alto,183.88384977349668,Verão,180
Trigo,33,151.79999999999998,Aluvial,Gotejamento,Diária,33,Fosfato,Ferrugem,Não,Médio,130.9013362873476,Inverno,180
Trigo,5,13.5,Aluvial,Aspersão,Mensal,22,Nitrogênio,Ferrugem,Sim,Médio,171.11602327460938,Inverno,200
Soja,41,127.1,Argila,Gotejamento,Semanal,18,Nitrogênio,Nenhuma,Sim,Médio,184.41369498852399,Primavera,200
Batata,28,109.2,Argila,Gotejamento,Semanal,31,Nitrogênio,Fungos,Sim,Baixo,97.70052124577958,Primavera,200
Milho,7,34.300000000000004,Areia,Gotejamento,Mensal,34,Composto,Nenhuma,Não,Baixo,66.50778867915152,Primavera,150
Batata,73,292.0,Calcário,Gotejamento,Semanal,32,Composto,Fungos,Não,Alto,84.19027438129126,Inverno,150
Cana-de-Açúcar,72,266.40000000000003,Silte,Sulcos,Diária,29,Composto,Fungos,Sim,Alto,114.06616829393845,Outono,150
Café,12,51.6,Argila,Sulcos,Diária,25,Nenhum,Nenhuma,Sim,Baixo,172.702214888374,Outono,0
Café,34,98.6,Aluvial,Aspersão,Mensal,22,Fosfato,Ferrugem,Não,Alto,179.10958748845152,Inverno,180
Cana-de-Açúcar,33,115.5,Areia,Gotejamento,Diária,22,Fosfato,Nenhuma,Não,Baixo,51.04281957967861,Inverno,180
Batata,48,201.6,Silte,Aspersão,Mensal,32,Orgânico,Insetos,Não,Médio,126.61209538663486,Inverno,100
Cana-de-Açúcar,23,78.2,Areia,Gotejamento,Semanal,23,Composto,Insetos,Não,Médio,112.61165047231685,Inverno,150
Arroz,62,198.4,Silte,Sulcos,Mensal,22,Nenhum,Nenhuma,Não,Alto,83.31617157060954,Inverno,0
Uva,88,325.6,Silte,Sulcos,Mensal,30,Nenhum,Fungos,Sim,Baixo,67.97980510005242,Inverno,0
Cana-de-Açúcar,37,148.0,Argila,Gotejamento,Semanal,24,Fosfato,Nenhuma,Não,Baixo,100.6422757105442,Primavera,180
Trigo,99,267.3,Areia,Gotejamento,Semanal,19,Composto,Ferrugem,Sim,Alto,191.43645558687788,Primavera,150
Cana-de-Açúcar,44,189.2,Areia,Aspersão,Mensal,31,Orgânico,Nenhuma,Sim,Baixo,98.48043980311328,Primavera,100
Café,86,258.0,Aluvial,Gotejamento,Mensal,20,Composto,Ferrugem,Não,Médio,127.81859326150492,Primavera,150
Trigo,91,318.5,Aluvial,Gotejamento,Semanal,24,Nitrogênio,Nenhuma,Sim,Alto,155.45284383427668,Inverno,200
Café,35,157.5,Argila,Aspersão,Diária,27,Composto,Nenhuma,Sim,Alto,104.5444403568941,Outono,150
Soja,65,286.0,Argila,Gotejamento,Mensal,34,Nitrogênio,Ferrugem,Não,Baixo,195.7673124081441,Verão,200
Milho,99,396.0,Calcário,Aspersão,Semanal,34,Nitrogênio,Ferrugem,Sim,Alto,194.3670942413167,Inverno,200
Café,47,225.6,Aluvial,Aspersão,Diária,35,Orgânico,Ferrugem,Sim,Baixo,87.76734437380463,Verão,100
Trigo,78,234.0,Silte,Aspersão,Mensal,18,Fosfato,Nenhuma,Sim,Baixo,124.58727588385781,Outono,180
Soja,3,9.9,Areia,Sulcos,Semanal,27,Composto,Fungos,Não,Baixo,95.13174647251546,Primavera,150
Café,1,3.1,Argila,Sulcos,Semanal,25,Nitrogênio,Fungos,Não,Baixo,92.72607415662014,Outono,200
Arroz,5,16.5,Areia,Aspersão,Semanal,22,Composto,Fungos,Não,Baixo,55.53304210317992,Inverno,150
Cana-de-Açúcar,90,324.0,Areia,Sulcos,Diária,23,Fosfato,Insetos,Não,Alto,141.4346500969845,Primavera,180
Milho,14,42.0,Calcário,Aspersão,Semanal,19,Fosfato,Insetos,Não,Médio,125.40185348432922,Inverno,180
Café,27,102.6,Aluvial,Aspersão,Semanal,27,Nenhum,Nenhuma,Sim,Médio,57.7218126874984,Primavera,0
Soja,9,26.1,Argila,Aspersão,Semanal,18,Fosfato,Insetos,Sim,Alto,91.7969696354917,Verão,180
Arroz,79,300.2,Areia,Gotejamento,Diária,25,Orgânico,Fungos,Sim,Alto,186.23988289499806,Verão,100
Batata,15,51.0,Argila,Gotejamento,Diária,21,Nitrogênio,Nenhuma,Sim,Médio,85.93428360004586,Verão,200
Soja,90,234.0,Silte,Aspersão,Mensal,19,Nenhum,Fungos,Não,Médio,71.73423081368347,Outono,0
Cana-de-Açúcar,42,180.6,Calcário,Sulcos,Diária,30,Orgânico,Fungos,Não,Médio,123.41791404163445,Inverno,100
Soja,77,292.6,Silte,Aspersão,Diária,25,Composto,Insetos,Sim,Médio,197.8475681165901,Outono,150
Arroz,51,193.8,Argila,Sulcos,Mensal,28,Nitrogênio,Insetos,Sim,Médio,86.30829072672506,Verão,200
Soja,63,189.0,Argila,Aspersão,Mensal,25,Fosfato,Ferrugem,Não,Baixo,150.8203321108818,Inverno,180
Arroz,96,288.0,Aluvial,Gotejamento,Mensal,23,Nitrogênio,Insetos,Sim,Alto,164.24294229930763,Verão,200
Café,52,197.6,Areia,Gotejamento,Mensal,33,Composto,Ferrugem,Não,Baixo,85.64563159885995,Outono,150
Uva,96,336.0,Areia,Sulcos,Mensal,23,Nenhum,Nenhuma,Sim,Médio,159.23245229177894,Outono,0
Arroz,4,12.0,Silte,Aspersão,Semanal,19,Nenhum,Nenhuma,Não,Médio,105.16746990788798,Outono,0
Arroz,94,441.8,Calcário,Aspersão,Mensal,32,Nenhum,Nenhuma,Não,Médio,144.84587458903692,Verão,0
Milho,23,64.4,Areia,Gotejamento,Mensal,21,Fosfato,Fungos,Não,Baixo,145.0294566141342,Inverno,180
Arroz,15,67.5,Aluvial,Sulcos,Semanal,34,Orgânico,Fungos,Não,Baixo,130.36620261121377,Inverno,100
Arroz,43,180.6,Silte,Sulcos,Semanal,26,Orgânico,Nenhuma,Não,Médio,63.54346550816125,Verão,100
Batata,29,104.4,Silte,Sulcos,Mensal,29,Nitrogênio,Insetos,Não,Baixo,175.2953743383857,Inverno,200
Uva,36,133.20000000000002,Aluvial,Sulcos,Semanal,31,Fosfato,Insetos,Não,Baixo,98.11700974576038,Verão,180
Café,13,53.3,Calcário,Aspersão,Diária,28,Nenhum,Nenhuma,Sim,Médio,77.97777655997814,Inverno,0
Cana-de-Açúcar,32,124.8,Aluvial,Gotejamento,Mensal,29,Nenhum,Insetos,Sim,Baixo,56.11627123321459,Primavera,0
Milho,71,205.9,Calcário,Aspersão,Diária,21,Composto,Ferrugem,Não,Alto,138.63394147823627,Primavera,150
Batata,59,247.79999999999995,Aluvial,Sulcos,Semanal,26,Composto,Nenhuma,Não,Alto,151.63465427634236,Outono,150
Trigo,86,387.0,Aluvial,Aspersão,Mensal,30,Nenhum,Nenhuma,Sim,Alto,52.48817433917842,Primavera,0
Uva,28,81.2,Argila,Gotejamento,Semanal,18,Nenhum,Fungos,Sim,Alto,126.81395874489215,Primavera,0
Café,66,211.2,Silte,Sulcos,Mensal,22,Fosfato,Insetos,Não,Médio,83.97436627969068,Primavera,180
Café,42,138.60000000000002,Aluvial,Aspersão,Mensal,26,Orgânico,Insetos,Sim,Médio,146.77591856141748,Verão,100
Trigo,45,130.50000000000003,Aluvial,Aspersão,Semanal,21,Composto,Ferrugem,Sim,Médio,76.15496435074871,Primavera,150
Cana-de-Açúcar,62,173.6,Areia,Sulcos,Diária,20,Orgânico,Insetos,Sim,Alto,153.6406607153699,Primavera,100
Arroz,57,233.7,Silte,Gotejamento,Mensal,31,Fosfato,Insetos,Sim,Alto,108.01030194508061,Outono,180
Batata,6,19.200000000000003,Areia,Aspersão,Diária,22,Nenhum,Insetos,Sim,Baixo,190.50949831051017,Primavera,0
Soja,28,98.0,Silte,Sulcos,Semanal,24,Orgânico,Insetos,Não,Baixo,70.62814162189899,Primavera,100
Milho,28,86.8,Areia,Sulcos,Diária,21,Nenhum,Ferrugem,Sim,Alto,101.15995265753878,Inverno,0
Soja,44,162.8,Aluvial,Gotejamento,Mensal,27,Nenhum,Insetos,Sim,Alto,67.02102818608836,Outono,0
Trigo,84,344.4,Aluvial,Aspersão,Mensal,31,Nitrogênio,Ferrugem,Sim,Alto,188.7040427417844,Outono,200
Café,30,99.0,Argila,Gotejamento,Mensal,18,Orgânico,Nenhuma,Sim,Alto,181.60090300714714,Outono,100
Cana-de-Açúcar,62,210.8,Areia,Sulcos,Semanal,23,Orgânico,Fungos,Sim,Baixo,88.69124415727333,Outono,100
Café,75,300.0,Calcário,Sulcos,Mensal,30,Nenhum,Nenhuma,Sim,Alto,148.99760690512687,Outono,0
Milho,92,349.6,Argila,Aspersão,Semanal,22,Fosfato,Nenhuma,Sim,Baixo,172.58333003018237,Outono,180
Café,89,373.8,Areia,Sulcos,Diária,32,Nitrogênio,Ferrugem,Sim,Alto,133.28012173991937,Verão,200
Café,62,167.4,Areia,Aspersão,Mensal,20,Nenhum,Fungos,Sim,Alto,129.44758675340097,Primavera,0
Milho,97,407.4,Argila,Gotejamento,Mensal,30,Composto,Nenhuma,Não,Alto,86.27784363506775,Outono,150
Batata,1,4.2,Aluvial,Aspersão,Diária,32,Composto,Ferrugem,Sim,Baixo,63.96541517088488,Primavera,150
Batata,27,89.1,Areia,Sulcos,Diária,20,Nitrogênio,Insetos,Sim,Baixo,184.58236369299902,Primavera,200
Milho,62,241.8,Aluvial,Aspersão,Mensal,34,Fosfato,Ferrugem,Não,Médio,185.06270857449957,Verão,180
Cana-de-Açúcar,77,246.4,Argila,Sulcos,Semanal,26,Nenhum,Insetos,Sim,Alto,144.9652185909902,Outono,0
Trigo,3,10.8,Aluvial,Aspersão,Diária,26,Orgânico,Ferrugem,Não,Médio,100.8544686573051,Inverno,100
Uva,70,266.0,Silte,Sulcos,Semanal,25,Nitrogênio,Nenhuma,Sim,Médio,102.38143619189913,Verão,200
Café,72,302.40000000000003,Calcário,Gotejamento,Mensal,27,Fosfato,Nenhuma,Sim,Baixo,158.8933518305359,Inverno,180
Cana-de-Açúcar,27,78.30000000000001,Areia,Aspersão,Mensal,22,Orgânico,Ferrugem,Sim,Baixo,184.56653899288656,Primavera,100
Café,9,32.4,Calcário,Sulcos,Diária,28,Composto,Fungos,Sim,Médio,183.0629636397676,Primavera,150
Uva,62,254.2,Aluvial,Aspersão,Diária,31,Composto,Fungos,Não,Alto,166.98133187864357,Verão,150
Trigo,37,92.5,Areia,Sulcos,Mensal,20,Orgânico,Fungos,Sim,Baixo,146.30474692314317,Verão,100
Batata,97,261.90000000000003,Aluvial,Gotejamento,Mensal,22,Nitrogênio,Fungos,Sim,Alto,62.62099474925732,Inverno,200
Cana-de-Açúcar,51,142.79999999999998,Silte,Gotejamento,Mensal,18,Composto,Ferrugem,Não,Alto,74.24430711419207,Outono,150
Arroz,44,110.0,Argila,Aspersão,Semanal,19,Nenhum,Fungos,Não,Médio,184.78312827906188,Inverno,0
Arroz,24,96.0,Areia,Gotejamento,Semanal,32,Orgânico,Ferrugem,Sim,Médio,140.9643589489385,Verão,100
Uva,79,323.90000000000003,Silte,Sulcos,Mensal,34,Orgânico,Insetos,Sim,Médio,51.37955774249445,Inverno,100
Arroz,59,224.2,Silte,Gotejamento,Mensal,33,Composto,Insetos,Não,Médio,65.22073142990482,Verão,150
Batata,32,102.4,Areia,Gotejamento,Diária,19,Nitrogênio,Ferrugem,Não,Baixo,149.52526536620837,Inverno,200
Uva,96,336.00000000000006,Aluvial,Aspersão,Semanal,22,Nenhum,Nenhuma,Sim,Baixo,50.759237576932804,Verão,0
Batata,88,343.2,Silte,Gotejamento,Diária,29,Nitrogênio,Fungos,Não,Médio,74.1212077126248,Verão,200
Trigo,52,150.79999999999998,Calcário,Gotejamento,Diária,19,Fosfato,Insetos,Não,Baixo,132.31006840498793,Verão,180
Café,62,198.4,Silte,Aspersão,Semanal,26,Fosfato,Fungos,Não,Médio,153.78427965390398,Outono,180
Trigo,58,249.4,Aluvial,Sulcos,Mensal,31,Composto,Nenhuma,Sim,Alto,147.79418892539007,Inverno,150
Trigo,52,171.60000000000002,Aluvial,Aspersão,Semanal,22,Composto,Fungos,Não,Alto,83.64039641908397,Inverno,150
Batata,12,43.2,Calcário,Aspersão,Mensal,26,Composto,Ferrugem,Sim,Alto,156.82688320213038,Inverno,150
Uva,39,152.1,Silte,Sulcos,Mensal,32,Fosfato,Insetos,Sim,Médio,85.58736312452001,Verão,180
Uva,2,7.0,Aluvial,Aspersão,Mensal,28,Nitrogênio,Ferrugem,Sim,Alto,98.80995472389016,Inverno,200
Arroz,3,11.1,Areia,Gotejamento,Mensal,32,Nitrogênio,Ferrugem,Não,Baixo,161.9737107677036,Inverno,200
Soja,56,212.8,Argila,Sulcos,Mensal,33,Composto,Fungos,Sim,Alto,147.44493485708222,Verão,150
Café,81,356.40000000000003,Argila,Sulcos,Mensal,32,Nenhum,Nenhuma,Não,Alto,177.3835115741267,Primavera,0
Batata,59,165.20000000000002,Argila,Gotejamento,Mensal,21,Nitrogênio,Ferrugem,Não,Alto,148.6419338450515,Verão,200
Arroz,2,8.6,Silte,Aspersão,Diária,35,Fosfato,Insetos,Não,Baixo,135.24629050032075,Inverno,180
Cana-de-Açúcar,2,6.0,Calcário,Gotejamento,Mensal,20,Orgânico,Fungos,Sim,Médio,64.05121517421387,Verão,100
Soja,92,312.8,Aluvial,Gotejamento,Diária,24,Orgânico,Ferrugem,Sim,Baixo,105.15737045891503,Primavera,100
Soja,54,156.6,Areia,Sulcos,Diária,19,Orgânico,Insetos,Sim,Médio,89.78035515225882,Verão,100
Batata,87,269.7,Areia,Aspersão,Mensal,21,Nenhum,Fungos,Sim,Médio,86.59844650686253,Inverno,0
Milho,96,278.40000000000003,Silte,Aspersão,Semanal,21,Composto,Ferrugem,Sim,Alto,195.95158321286684,Primavera,150
Café,97,310.40000000000003,Argila,Sulcos,Semanal,21,Fosfato,Fungos,Sim,Médio,108.96465870001407,Outono,180
Soja,1,3.8,Silte,Gotejamento,Mensal,28,Nenhum,Ferrugem,Sim,Baixo,183.806983276567,Inverno,0
Batata,19,91.2,Calcário,Aspersão,Diária,33,Fosfato,Nenhuma,Sim,Baixo,144.67079389958943,Primavera,180
Batata,2,8.0,Calcário,Sulcos,Mensal,30,Fosfato,Ferrugem,Sim,Médio,169.22169553124726,Primavera,180
Arroz,53,180.2,Aluvial,Sulcos,Diária,21,Composto,Ferrugem,Sim,Alto,125.39556396577882,Outono,150
Cana-de-Açúcar,44,162.8,Aluvial,Sulcos,Mensal,32,Orgânico,Fungos,Sim,Alto,136.53558269395387,Verão,100
Milho,90,324.0,Calcário,Aspersão,Mensal,31,Composto,Fungos,Sim,Baixo,123.87765407282959,Verão,150
Café,32,156.8,Calcário,Gotejamento,Semanal,33,Nenhum,Nenhuma,Sim,Alto,79.28644816970667,Inverno,0
Uva,70,245.0,Calcário,Sulcos,Mensal,25,Nenhum,Fungos,Não,Médio,158.3678172892258,Outono,0
Trigo,32,121.6,Silte,Aspersão,Semanal,22,Nenhum,Nenhuma,Não,Médio,92.11585436612836,Verão,0
Cana-de-Açúcar,68,272.0,Calcário,Aspersão,Mensal,30,Composto,Fungos,Sim,Baixo,53.647394964718075,Outono,150
Cana-de-Açúcar,55,181.50000000000003,Areia,Aspersão,Semanal,27,Fosfato,Insetos,Não,Médio,146.82084438607518,Verão,180
Arroz,75,300.0,Argila,Gotejamento,Mensal,33,Fosfato,Ferrugem,Sim,Baixo,76.56660191105735,Primavera,180
Uva,56,218.4,Calcário,Aspersão,Semanal,31,Nitrogênio,Fungos,Sim,Médio,191.06878765293715,Verão,200
Soja,17,57.8,Argila,Aspersão,Mensal,24,Nenhum,Insetos,Sim,Baixo,193.0892865503881,Outono,0
Soja,38,121.6,Silte,Aspersão,Mensal,20,Fosfato,Nenhuma,Não,Alto,187.22965853306727,Primavera,180
Arroz,24,98.4,Argila,Sulcos,Mensal,31,Nitrogênio,Nenhuma,Sim,Médio,105.52380503831665,Primavera,200
Batata,69,296.7,Silte,Sulcos,Mensal,33,Fosfato,Insetos,Sim,Médio,52.31849247933012,Primavera,180
Soja,98,411.5999999999999,Areia,Sulcos,Semanal,26,Nenhum,Nenhuma,Sim,Baixo,189.2477843881588,Outono,0
Milho,70,287.0,Silte,Gotejamento,Diária,31,Orgânico,Ferrugem,Não,Baixo,114.22762224759715,Inverno,100
Café,86,361.19999999999993,Silte,Gotejamento,Semanal,26,Nenhum,Nenhuma,Sim,Médio,194.99822285655043,Inverno,0
Cana-de-Açúcar,11,51.7,Aluvial,Sulcos,Diária,34,Composto,Ferrugem,Não,Baixo,194.54299656338793,Inverno,150
Cana-de-Açúcar,16,49.6,Calcário,Sulcos,Diária,18,Fosfato,Insetos,Sim,Médio,177.951418320104,Outono,180
Milho,97,320.1,Calcário,Aspersão,Mensal,23,Fosfato,Ferrugem,Não,Alto,94.16733381043785,Primavera,180
Uva,73,328.5,Areia,Sulcos,Semanal,34,Composto,Fungos,Sim,Baixo,107.76465929028879,Inverno,150
Soja,59,188.8,Areia,Aspersão,Diária,24,Composto,Insetos,Não,Médio,177.67050072752852,Outono,150
Cana-de-Açúcar,70,259.0,Calcário,Aspersão,Semanal,24,Orgânico,Nenhuma,Sim,Alto,97.53830077344165,Inverno,100
Trigo,80,368.0,Aluvial,Aspersão,Mensal,31,Fosfato,Nenhuma,Sim,Alto,75.42391200291388,Verão,180
Uva,93,241.8,Calcário,Gotejamento,Semanal,18,Fosfato,Insetos,Sim,Médio,133.52018936875254,Inverno,180
Café,3,8.7,Aluvial,Sulcos,Mensal,19,Orgânico,Ferrugem,Não,Baixo,190.42321612411715,Inverno,100
Café,20,62.0,Areia,Gotejamento,Diária,18,Nitrogênio,Nenhuma,Sim,Médio,154.40446950124596,Primavera,200
Cana-de-Açúcar,59,283.2,Argila,Sulcos,Diária,35,Orgânico,Ferrugem,Não,Alto,135.50917551340473,Outono,100
Arroz,36,93.6,Areia,Sulcos,Semanal,20,Nenhum,Insetos,Não,Médio,64.57647406561529,Primavera,0
Uva,19,62.7,Areia,Aspersão,Diária,18,Fosfato,Nenhuma,Sim,Baixo,142.25108400487545,Primavera,180
Cana-de-Açúcar,90,297.0,Silte,Sulcos,Mensal,26,Composto,Ferrugem,Não,Alto,198.50807751563949,Primavera,150
Arroz,67,221.1,Silte,Gotejamento,Mensal,28,Nenhum,Insetos,Não,Médio,71.01260228547861,Primavera,0
Cana-de-Açúcar,19,58.9,Silte,Gotejamento,Diária,23,Fosfato,Fungos,Não,Baixo,127.74944785456051,Primavera,180
Trigo,20,64.0,Silte,Sulcos,Mensal,22,Orgânico,Nenhuma,Sim,Alto,181.60596078919332,Inverno,100
Uva,96,384.0,Aluvial,Gotejamento,Semanal,29,Nenhum,Fungos,Sim,Baixo,161.11529266313067,Primavera,0
Batata,71,305.3,Calcário,Sulcos,Diária,30,Fosfato,Nenhuma,Sim,Alto,154.5523611492902,Primavera,180
Café,52,192.4,Argila,Aspersão,Mensal,32,Nitrogênio,Fungos,Sim,Médio,155.37261259806638,Outono,200
Cana-de-Açúcar,33,89.10000000000001,Areia,Sulcos,Mensal,20,Nitrogênio,Insetos,Não,Baixo,103.92367268296327,Verão,200
Trigo,40,132.0,Aluvial,Aspersão,Mensal,26,Composto,Ferrugem,Não,Alto,94.03877663967401,Inverno,150
Arroz,39,144.3,Argila,Gotejamento,Diária,24,Fosfato,Insetos,Não,Baixo,171.40417332177702,Inverno,180
Arroz,82,319.8,Aluvial,Aspersão,Diária,26,Nitrogênio,Fungos,Sim,Baixo,171.5170092018771,Inverno,200
Café,1,3.5,Aluvial,Aspersão,Diária,22,Orgânico,Nenhuma,Não,Médio,180.06084778701555,Primavera,100
Milho,11,26.4,Areia,Aspersão,Semanal,18,Fosfato,Insetos,Sim,Baixo,186.9860828834707,Primavera,180
Cana-de-Açúcar,92,404.8,Calcário,Sulcos,Semanal,33,Orgânico,Nenhuma,Sim,Alto,126.70135982914067,Primavera,100
Uva,57,245.1,Silte,Aspersão,Diária,35,Orgânico,Ferrugem,Sim,Alto,125.22744420307994,Outono,100
Soja,89,338.2,Calcário,Sulcos,Diária,28,Nitrogênio,Ferrugem,Não,Alto,169.74427684501626,Verão,200
Arroz,50,230.0,Areia,Gotejamento,Mensal,31,Fosfato,Nenhuma,Não,Alto,147.49458961666477,Primavera,180
Uva,23,69.0,Areia,Gotejamento,Semanal,24,Nenhum,Fungos,Não,Médio,155.2950315886555,Verão,0
Uva,31,105.4,Areia,Gotejamento,Diária,24,Nitrogênio,Insetos,Sim,Baixo,169.36890041541517,Outono,200
Batata,94,357.2,Argila,Aspersão,Semanal,27,Nitrogênio,Ferrugem,Sim,Médio,183.50080127263493,Inverno,200
Uva,42,189.0,Calcário,Gotejamento,Diária,35,Fosfato,Fungos,Não,Baixo,100.69927352773037,Primavera,180
Uva,99,287.1,Calcário,Aspersão,Mensal,19,Fosfato,Nenhuma,Sim,Baixo,106.3374428959916,Verão,180
Batata,7,34.300000000000004,Aluvial,Sulcos,Diária,31,Orgânico,Nenhuma,Não,Baixo,64.09729097613035,Verão,100
Arroz,16,49.6,Aluvial,Sulcos,Mensal,24,Fosfato,Insetos,Não,Médio,136.74202114942608,Primavera,180
Uva,90,360.0,Aluvial,Aspersão,Diária,27,Orgânico,Fungos,Não,Baixo,55.39134106951131,Inverno,100
Milho,60,204.00000000000003,Areia,Aspersão,Semanal,21,Nitrogênio,Nenhuma,Não,Médio,119.83970271986902,Inverno,200
Milho,2,7.6,Calcário,Aspersão,Semanal,32,Composto,Fungos,Sim,Alto,131.39669520613649,Inverno,150
Trigo,1,4.4,Areia,Aspersão,Diária,29,Nenhum,Nenhuma,Não,Alto,92.98118781924266,Outono,0
Batata,48,192.0,Argila,Sulcos,Semanal,29,Nitrogênio,Insetos,Não,Baixo,138.62498908535161,Verão,200
Trigo,12,43.2,Aluvial,Gotejamento,Mensal,26,Fosfato,Ferrugem,Sim,Médio,54.57503749085741,Verão,180
Batata,69,269.1,Areia,Aspersão,Diária,31,Nenhum,Ferrugem,Sim,Alto,55.60222831238217,Verão,0
Cana-de-Açúcar,37,122.1,Areia,Aspersão,Mensal,21,Composto,Nenhuma,Sim,Médio,173.39008409894873,Outono,150
Cana-de-Açúcar,32,105.6,Argila,Sulcos,Semanal,20,Composto,Nenhuma,Sim,Médio,104.02859621168943,Verão,150
Uva,9,27.9,Silte,Sulcos,Diária,18,Orgânico,Fungos,Não,Baixo,69.05907689778272,Outono,100
Soja,99,336.6,Calcário,Gotejamento,Diária,24,Nenhum,Ferrugem,Não,Alto,128.33648900822067,Inverno,0
Cana-de-Açúcar,19,81.7,Silte,Aspersão,Semanal,27,Orgânico,Nenhuma,Sim,Baixo,165.49903296479164,Primavera,100
Soja,48,187.2,Aluvial,Sulcos,Mensal,27,Nitrogênio,Nenhuma,Não,Baixo,82.37315412452648,Verão,200
Cana-de-Açúcar,80,304.0,Areia,Sulcos,Mensal,26,Nenhum,Nenhuma,Sim,Alto,143.43357137285005,Verão,0
Café,3,9.9,Argila,Sulcos,Semanal,27,Nitrogênio,Insetos,Sim,Alto,62.8021197490652,Inverno,200
Cana-de-Açúcar,20,74.0,Argila,Gotejamento,Mensal,22,Orgânico,Nenhuma,Não,Médio,57.75225817529115,Primavera,100
Trigo,24,64.80000000000001,Calcário,Sulcos,Mensal,20,Nenhum,Insetos,Sim,Alto,129.7031947352222,Outono,0
Arroz,54,178.20000000000002,Silte,Sulcos,Mensal,26,Orgânico,Insetos,Sim,Médio,131.09526824151598,Primavera,100
Uva,33,125.4,Calcário,Aspersão,Mensal,33,Nenhum,Fungos,Sim,Médio,145.61448522473097,Inverno,0
Trigo,24,98.4,Areia,Sulcos,Diária,26,Orgânico,Nenhuma,Não,Médio,158.91370005839923,Inverno,100
Arroz,75,247.5,Calcário,Sulcos,Diária,23,Composto,Fungos,Não,Alto,196.37781191938018,Primavera,150
Milho,72,309.6,Argila,Gotejamento,Diária,30,Orgânico,Insetos,Sim,Baixo,127.4450522451793,Outono,100
Trigo,36,147.6,Argila,Aspersão,Diária,33,Composto,Ferrugem,Não,Médio,98.44347094118689,Outono,150
Milho,38,98.8,Aluvial,Gotejamento,Diária,18,Orgânico,Insetos,Não,Baixo,169.27792921530556,Verão,100
Soja,84,327.6,Aluvial,Sulcos,Semanal,28,Nenhum,Ferrugem,Não,Baixo,90.62483768931114,Outono,0
Soja,99,356.40000000000003,Areia,Sulcos,Diária,28,Nenhum,Fungos,Sim,Alto,115.84571310584542,Primavera,0
Café,89,338.2,Silte,Aspersão,Semanal,27,Nenhum,Ferrugem,Não,Baixo,61.76845720133989,Inverno,0
Cana-de-Açúcar,99,465.3,Calcário,Gotejamento,Diária,32,Fosfato,Nenhuma,Não,Baixo,53.80261151231863,Verão,180
Trigo,25,122.5,Areia,Aspersão,Semanal,33,Nitrogênio,Nenhuma,Sim,Alto,194.39726220168876,Verão,200
Milho,93,381.3,Aluvial,Sulcos,Diária,31,Nenhum,Insetos,Sim,Médio,175.39701807683088,Inverno,0
Arroz,18,88.2,Calcário,Aspersão,Semanal,33,Composto,Nenhuma,Sim,Baixo,154.3961309140547,Outono,150
Soja,82,352.6,Aluvial,Aspersão,Semanal,30,Nenhum,Nenhuma,Não,Alto,111.34294166214048,Inverno,0
Cana-de-Açúcar,66,217.8,Calcário,Sulcos,Diária,20,Fosfato,Nenhuma,Sim,Baixo,75.99414801062687,Outono,180
Soja,54,237.6,Silte,Gotejamento,Diária,31,Composto,Ferrugem,Sim,Baixo,73.4655564006629,Inverno,150
Arroz,35,115.5,Areia,Sulcos,Semanal,27,Fosfato,Fungos,Sim,Médio,87.5364347246893,Primavera,180
Cana-de-Açúcar,80,272.0,Calcário,Aspersão,Diária,24,Composto,Insetos,Não,Baixo,132.3839997059181,Outono,150
Cana-de-Açúcar,61,189.1,Argila,Gotejamento,Semanal,20,Orgânico,Fungos,Não,Alto,157.18938840500937,Primavera,100
Milho,41,139.4,Argila,Aspersão,Semanal,18,Nitrogênio,Nenhuma,Não,Baixo,149.0296065076597,Verão,200
Milho,33,118.8,Calcário,Gotejamento,Diária,26,Nitrogênio,Fungos,Sim,Médio,91.99008454189143,Inverno,200
Trigo,68,170.0,Calcário,Sulcos,Mensal,20,Fosfato,Fungos,Sim,Médio,193.2297920994791,Verão,180
Trigo,33,92.4,Calcário,Aspersão,Mensal,23,Nitrogênio,Insetos,Não,Alto,160.68453750436527,Verão,200
Batata,14,40.6,Argila,Gotejamento,Diária,21,Fosfato,Insetos,Não,Médio,133.15310787671012,Verão,180
Uva,21,96.6,Argila,Gotejamento,Diária,33,Fosfato,Nenhuma,Sim,Baixo,141.75811193515284,Verão,180
Batata,48,148.8,Calcário,Sulcos,Mensal,26,Fosfato,Insetos,Não,Médio,112.94000936416849,Inverno,180
Café,20,66.0,Aluvial,Aspersão,Diária,20,Nitrogênio,Fungos,Não,Alto,87.15964842517363,Verão,200
Soja,8,20.0,Aluvial,Sulcos,Mensal,20,Fosfato,Ferrugem,Não,Médio,103.39590179768925,Inverno,180
Trigo,7,18.9,Silte,Gotejamento,Semanal,21,Nitrogênio,Fungos,Não,Médio,163.67691656965536,Inverno,200
Milho,67,207.7,Areia,Sulcos,Diária,21,Fosfato,Fungos,Sim,Médio,52.15902329446338,Primavera,180
Arroz,17,54.400000000000006,Aluvial,Gotejamento,Diária,24,Nenhum,Fungos,Sim,Alto,67.41089607603743,Outono,0
Milho,33,115.5,Argila,Aspersão,Mensal,25,Fosfato,Fungos,Não,Médio,56.90039630326291,Outono,180
Soja,48,148.8,Aluvial,Gotejamento,Mensal,24,Composto,Ferrugem,Sim,Médio,56.10932034784552,Inverno,150
Batata,76,311.6,Silte,Aspersão,Semanal,33,Fosfato,Ferrugem,Não,Baixo,178.3190876016511,Primavera,180
Milho,59,182.9,Silte,Gotejamento,Mensal,19,Orgânico,Nenhuma,Sim,Alto,155.54867890700353,Inverno,100
Uva,86,266.6,Areia,Sulcos,Mensal,24,Fosfato,Fungos,Não,Médio,121.12607436309878,Inverno,180
Café,22,68.2,Aluvial,Aspersão,Diária,18,Composto,Nenhuma,Não,Alto,64.67512409765023,Inverno,150
Soja,30,111.0,Argila,Sulcos,Semanal,31,Composto,Fungos,Sim,Médio,123.74238126752485,Primavera,150
Batata,38,91.2,Argila,Gotejamento,Mensal,19,Nitrogênio,Fungos,Não,Médio,121.02076561708485,Outono,200
Uva,51,214.2,Calcário,Aspersão,Mensal,35,Nenhum,Insetos,Sim,Médio,75.98028048650228,Primavera,0
Arroz,54,221.4,Argila,Gotejamento,Mensal,26,Fosfato,Nenhuma,Não,Baixo,115.07774738569596,Verão,180
Batata,8,19.2,Areia,Gotejamento,Mensal,19,Nitrogênio,Ferrugem,Sim,Baixo,109.775710159606,Primavera,200
Cana-de-Açúcar,27,89.1,Areia,Aspersão,Mensal,23,Nenhum,Ferrugem,Sim,Baixo,142.37751470783246,Primavera,0
Uva,27,91.8,Argila,Gotejamento,Mensal,29,Fosfato,Ferrugem,Não,Alto,145.26404763014656,Primavera,180
Uva,98,411.5999999999999,Argila,Sulcos,Semanal,26,Orgânico,Nenhuma,Sim,Alto,56.795601465806676,Primavera,100
Café,21,79.8,Calcário,Gotejamento,Semanal,27,Fosfato,Fungos,Não,Baixo,106.19189219397069,Outono,180
Soja,30,102.0,Argila,Sulcos,Semanal,23,Composto,Ferrugem,Não,Alto,143.87898735713546,Verão,150
Arroz,97,368.6,Calcário,Gotejamento,Semanal,30,Composto,Ferrugem,Sim,Médio,125.47043878701315,Outono,150
Café,28,78.4,Calcário,Sulcos,Semanal,20,Orgânico,Fungos,Não,Médio,178.47347617824835,Outono,100
Batata,64,262.4,Argila,Aspersão,Mensal,26,Nitrogênio,Nenhuma,Sim,Médio,148.80404474284177,Primavera,200
Café,97,358.90000000000003,Silte,Aspersão,Semanal,26,Nenhum,Fungos,Não,Baixo,74.44016406221445,Inverno,0
Uva,69,227.7,Silte,Gotejamento,Semanal,25,Fosfato,Fungos,Não,Alto,60.58531211006448,Inverno,180
Soja,61,176.9,Calcário,Aspersão,Mensal,19,Composto,Nenhuma,Sim,Baixo,146.36289173094735,Outono,150
Trigo,48,163.2,Argila,Sulcos,Mensal,19,Nitrogênio,Nenhuma,Não,Alto,53.976696581243274,Outono,200
Café,19,47.5,Silte,Gotejamento,Mensal,18,Orgânico,Insetos,Sim,Médio,137.8663371910195,Primavera,100
Cana-de-Açúcar,4,15.6,Argila,Gotejamento,Mensal,29,Composto,Ferrugem,Não,Baixo,191.03453621374365,Outono,150
Café,35,108.5,Argila,Sulcos,Semanal,20,Orgânico,Ferrugem,Sim,Alto,136.32112668138183,Primavera,100
Batata,64,198.4,Argila,Sulcos,Diária,21,Fosfato,Insetos,Sim,Alto,108.22548893097829,Inverno,180
Batata,49,156.8,Aluvial,Gotejamento,Mensal,25,Nenhum,Insetos,Sim,Médio,146.49323276635297,Inverno,0
Arroz,17,69.69999999999999,Argila,Gotejamento,Semanal,30,Composto,Nenhuma,Não,Baixo,118.73793357372749,Verão,150
Batata,44,127.6,Aluvial,Sulcos,Diária,19,Composto,Insetos,Sim,Baixo,131.84251839739022,Inverno,150
Milho,92,432.4,Calcário,Sulcos,Diária,34,Fosfato,Insetos,Não,Baixo,191.21972131647877,Outono,180
Soja,30,117.0,Silte,Aspersão,Mensal,27,Nitrogênio,Nenhuma,Não,Médio,107.91539567011614,Inverno,200
Soja,93,306.9,Silte,Sulcos,Mensal,23,Nenhum,Fungos,Sim,Baixo,194.17858457358713,Primavera,0
Trigo,46,161.0,Silte,Aspersão,Mensal,23,Composto,Nenhuma,Não,Médio,185.80259629340955,Inverno,150
Trigo,6,22.8,Silte,Gotejamento,Semanal,32,Nenhum,Fungos,Sim,Médio,79.36867021839447,Verão,0
Soja,99,425.7,Silte,Sulcos,Diária,30,Composto,Nenhuma,Sim,Médio,60.40419513127482,Inverno,150
Cana-de-Açúcar,37,111.0,Silte,Sulcos,Semanal,19,Nenhum,Fungos,Sim,Alto,65.116700206614,Primavera,0
Trigo,24,69.6,Silte,Gotejamento,Diária,19,Orgânico,Ferrugem,Não,Baixo,52.73327384773246,Primavera,100
Arroz,93,297.6,Calcário,Gotejamento,Semanal,21,Composto,Ferrugem,Sim,Baixo,64.16644411338926,Outono,150
Batata,46,151.8,Argila,Sulcos,Semanal,22,Nenhum,Fungos,Não,Médio,152.45101601245352,Inverno,0
Soja,53,196.1,Areia,Gotejamento,Diária,24,Nitrogênio,Nenhuma,Sim,Médio,60.678297269034346,Primavera,200
Uva,95,342.0,Aluvial,Aspersão,Diária,28,Orgânico,Fungos,Não,Baixo,97.8463445440642,Verão,100
Trigo,99,267.3,Areia,Sulcos,Semanal,21,Orgânico,Ferrugem,Não,Médio,176.73129664541818,Outono,100
Soja,60,210.0,Areia,Gotejamento,Mensal,30,Nitrogênio,Fungos,Não,Baixo,53.49079036037388,Verão,200
Milho,97,329.8,Argila,Gotejamento,Diária,21,Nenhum,Ferrugem,Não,Alto,172.17027238834038,Inverno,0
Café,63,233.1,Argila,Sulcos,Mensal,30,Fosfato,Ferrugem,Não,Médio,92.27821621600998,Inverno,180
Batata,85,306.0,Argila,Sulcos,Diária,23,Nitrogênio,Nenhuma,Não,Baixo,67.72472414324844,Inverno,200
Soja,32,83.2,Silte,Gotejamento,Semanal,18,Nenhum,Ferrugem,Não,Médio,154.5105748046226,Outono,0
Café,87,269.7,Calcário,Gotejamento,Diária,18,Nitrogênio,Fungos,Sim,Baixo,144.3414270169826,Primavera,200
Trigo,33,108.9,Silte,Aspersão,Diária,23,Nitrogênio,Insetos,Sim,Baixo,181.62080202905796,Outono,200
Café,67,234.5,Calcário,Gotejamento,Mensal,25,Composto,Nenhuma,Sim,Médio,160.26065657058285,Verão,150
Batata,18,70.2,Calcário,Gotejamento,Diária,29,Nenhum,Insetos,Não,Alto,170.5221395577273,Outono,0
Soja,25,92.5,Areia,Aspersão,Mensal,32,Fosfato,Ferrugem,Sim,Baixo,92.30518588569598,Verão,180
Milho,95,370.5,Areia,Gotejamento,Semanal,31,Composto,Insetos,Não,Baixo,76.61593156695842,Outono,150
Cana-de-Açúcar,54,286.2,Calcário,Aspersão,Diária,35,Nitrogênio,Nenhuma,Sim,Baixo,162.59221274612875,Primavera,200
Trigo,58,139.2,Calcário,Aspersão,Mensal,19,Nitrogênio,Fungos,Sim,Alto,171.0252108900896,Verão,200
Soja,67,214.4,Silte,Sulcos,Diária,22,Nitrogênio,Fungos,Não,Alto,198.575771300101,Inverno,200
Batata,46,115.0,Silte,Gotejamento,Mensal,20,Nenhum,Insetos,Sim,Médio,111.89265153671397,Inverno,0
Trigo,24,91.2,Areia,Sulcos,Semanal,25,Nenhum,Nenhuma,Não,Alto,105.80271286891747,Outono,0
Arroz,32,131.2,Argila,Gotejamento,Diária,31,Composto,Insetos,Não,Médio,166.46194411129954,Inverno,150
Café,47,235.0,Calcário,Aspersão,Semanal,34,Fosfato,Nenhuma,Sim,Médio,101.12053103795267,Verão,180
Cana-de-Açúcar,86,335.4,Silte,Sulcos,Diária,31,Composto,Fungos,Sim,Alto,189.6135988405347,Inverno,150
Batata,23,96.6,Areia,Gotejamento,Mensal,32,Orgânico,Ferrugem,Não,Médio,178.76191277645177,Primavera,100
Arroz,66,224.4,Silte,Aspersão,Semanal,23,Nitrogênio,Nenhuma,Sim,Alto,114.34910410625275,Primavera,200
Uva,27,129.6,Calcário,Aspersão,Diária,35,Nitrogênio,Insetos,Sim,Médio,162.6306601687246,Outono,200
Soja,2,6.6000000000000005,Calcário,Gotejamento,Semanal,22,Nitrogênio,Insetos,Não,Alto,163.18143111270234,Verão,200
Milho,90,252.0,Aluvial,Aspersão,Diária,20,Composto,Fungos,Não,Alto,65.4685803253899,Primavera,150
Trigo,17,66.3,Argila,Aspersão,Mensal,29,Composto,Ferrugem,Não,Médio,185.382936001935,Primavera,150
Café,33,115.5,Aluvial,Aspersão,Mensal,28,Nitrogênio,Fungos,Sim,Baixo,125.78785586717858,Verão,200
Trigo,9,27.9,Areia,Aspersão,Mensal,24,Composto,Ferrugem,Não,Médio,173.96861991616123,Inverno,150
Cana-de-Açúcar,43,159.1,Silte,Sulcos,Diária,29,Nenhum,Insetos,Não,Alto,98.00744015459176,Inverno,0
Soja,48,240.0,Areia,Sulcos,Diária,35,Nenhum,Nenhuma,Sim,Baixo,184.32848427443008,Outono,0
Trigo,39,132.6,Calcário,Sulcos,Diária,19,Composto,Nenhuma,Sim,Médio,108.38025181012446,Inverno,150
Café,93,362.7,Aluvial,Gotejamento,Semanal,33,Nitrogênio,Insetos,Não,Médio,51.625647722044754,Verão,200
Soja,42,176.4,Aluvial,Gotejamento,Semanal,34,Composto,Ferrugem,Não,Médio,185.80729646288955,Primavera,150
Trigo,26,98.8,Aluvial,Sulcos,Diária,30,Composto,Fungos,Sim,Baixo,63.69300151792004,Inverno,150
Milho,99,356.40000000000003,Areia,Gotejamento,Diária,18,Composto,Nenhuma,Não,Alto,97.89704563856223,Outono,150
Batata,50,210.0,Calcário,Aspersão,Mensal,32,Orgânico,Nenhuma,Não,Médio,192.50929505762073,Inverno,100
Soja,25,77.5,Silte,Aspersão,Mensal,24,Nenhum,Ferrugem,Sim,Médio,192.5910720406334,Verão,0
Batata,24,74.4,Silte,Gotejamento,Diária,18,Fosfato,Fungos,Sim,Médio,136.0156832184929,Outono,180
Uva,13,46.8,Areia,Sulcos,Diária,26,Fosfato,Fungos,Sim,Médio,144.77558182546989,Inverno,180
Soja,60,210.0,Aluvial,Gotejamento,Diária,25,Orgânico,Fungos,Sim,Médio,117.26682829674796,Outono,100
Milho,7,27.3,Argila,Aspersão,Mensal,32,Composto,Fungos,Sim,Alto,93.98161575470968,Verão,150
Batata,57,193.8,Areia,Sulcos,Diária,21,Orgânico,Nenhuma,Sim,Alto,99.2996818054874,Primavera,100
Arroz,36,115.2,Areia,Aspersão,Diária,24,Orgânico,Insetos,Não,Médio,150.87776841155576,Verão,100
Café,45,193.5,Calcário,Sulcos,Diária,33,Nitrogênio,Insetos,Sim,Baixo,162.856179415652,Verão,200
Arroz,20,64.0,Silte,Sulcos,Diária,19,Nenhum,Insetos,Sim,Alto,168.73685655887726,Verão,0
Trigo,65,221.0,Areia,Sulcos,Diária,21,Fosfato,Insetos,Não,Baixo,168.4427214191831,Verão,180
Milho,8,32.0,Areia,Sulcos,Mensal,33,Composto,Insetos,Não,Alto,63.680915457303556,Primavera,150
Arroz,16,57.6,Aluvial,Aspersão,Diária,28,Fosfato,Fungos,Não,Médio,124.16304570538722,Primavera,180
Soja,14,53.2,Aluvial,Gotejamento,Mensal,23,Fosfato,Nenhuma,Sim,Alto,58.63381400249664,Outono,180
Trigo,76,228.0,Argila,Aspersão,Mensal,18,Nenhum,Nenhuma,Sim,Médio,132.42933234856034,Inverno,0
Trigo,87,382.8,Calcário,Sulcos,Mensal,34,Fosfato,Ferrugem,Não,Alto,116.22957520600656,Primavera,180
Arroz,15,64.5,Argila,Sulcos,Diária,30,Fosfato,Insetos,Não,Médio,183.15562741374495,Primavera,180
Uva,92,368.0,Aluvial,Gotejamento,Diária,30,Orgânico,Insetos,Não,Médio,102.6372518828118,Inverno,100
Arroz,98,401.8,Silte,Gotejamento,Mensal,29,Nenhum,Nenhuma,Não,Médio,67.56005246414088,Primavera,0
Uva,66,290.40000000000003,Aluvial,Sulcos,Semanal,31,Nitrogênio,Nenhuma,Sim,Médio,71.44875230792537,Verão,200
Milho,32,140.8,Calcário,Gotejamento,Diária,34,Composto,Fungos,Não,Baixo,164.22659475762083,Verão,150
Café,87,408.9,Aluvial,Aspersão,Diária,34,Fosfato,Insetos,Sim,Médio,142.73270949743915,Inverno,180
Arroz,63,258.29999999999995,Calcário,Sulcos,Diária,31,Composto,Ferrugem,Não,Baixo,65.16840141841854,Outono,150
Cana-de-Açúcar,86,352.6,Calcário,Sulcos,Semanal,33,Nitrogênio,Ferrugem,Não,Baixo,62.616020917249614,Outono,200
Uva,51,224.4,Calcário,Gotejamento,Semanal,33,Composto,Nenhuma,Não,Médio,155.14536971886798,Inverno,150
Arroz,25,102.5,Calcário,Gotejamento,Semanal,25,Nitrogênio,Nenhuma,Sim,Baixo,60.91445095462903,Inverno,200
Batata,58,203.0,Calcário,Gotejamento,Mensal,28,Orgânico,Insetos,Não,Alto,173.27900889355345,Verão,100
Soja,63,207.9,Silte,Gotejamento,Semanal,22,Fosfato,Insetos,Sim,Médio,155.93633407347443,Outono,180
Cana-de-Açúcar,62,204.6,Argila,Aspersão,Semanal,25,Nitrogênio,Fungos,Não,Baixo,62.202317096284965,Primavera,200
Cana-de-Açúcar,22,96.8,Areia,Aspersão,Diária,34,Composto,Ferrugem,Sim,Médio,62.72565711277879,Verão,150
Uva,58,150.8,Argila,Sulcos,Semanal,18,Fosfato,Ferrugem,Sim,Médio,197.99593677517632,Inverno,180
Batata,58,232.0,Calcário,Sulcos,Mensal,33,Orgânico,Fungos,Sim,Médio,106.14061936341804,Outono,100
Batata,86,266.6,Silte,Gotejamento,Mensal,24,Fosfato,Fungos,Não,Baixo,105.59632206003363,Primavera,180
Trigo,49,156.8,Aluvial,Sulcos,Diária,24,Nitrogênio,Ferrugem,Sim,Alto,171.91993508862538,Primavera,200
Uva,52,187.2,Silte,Aspersão,Mensal,26,Orgânico,Fungos,Sim,Alto,192.08728660757882,Verão,100
Café,42,184.8,Calcário,Gotejamento,Semanal,28,Composto,Nenhuma,Não,Baixo,197.90015957343064,Outono,150
Soja,70,210.0,Silte,Sulcos,Semanal,19,Orgânico,Insetos,Não,Médio,163.00672778884126,Outono,100
Milho,15,61.49999999999999,Silte,Aspersão,Semanal,33,Orgânico,Insetos,Sim,Baixo,106.43893782963737,Inverno,100
Cana-de-Açúcar,54,243.0,Calcário,Aspersão,Mensal,35,Nenhum,Fungos,Não,Baixo,62.52510750480032,Outono,0
Milho,60,156.0,Silte,Sulcos,Mensal,21,Orgânico,Fungos,Não,Baixo,166.5720373891155,Outono,100
Arroz,97,329.8,Areia,Aspersão,Mensal,29,Orgânico,Ferrugem,Sim,Médio,133.76063746037076,Verão,100
Arroz,8,26.4,Areia,Sulcos,Diária,18,Fosfato,Nenhuma,Sim,Baixo,113.63330138704644,Outono,180
Milho,53,254.4,Silte,Gotejamento,Mensal,33,Composto,Nenhuma,Sim,Médio,185.9531577642104,Primavera,150
Arroz,60,204.00000000000003,Aluvial,Sulcos,Mensal,27,Fosfato,Insetos,Não,Baixo,66.6796223459227,Verão,180
Café,5,18.5,Calcário,Aspersão,Diária,29,Fosfato,Fungos,Não,Alto,123.89376564362887,Verão,180
Batata,68,244.8,Areia,Sulcos,Diária,26,Nitrogênio,Fungos,Sim,Baixo,51.70304671511286,Inverno,200
Arroz,6,27.6,Aluvial,Gotejamento,Mensal,34,Fosfato,Nenhuma,Sim,Baixo,120.29909629911894,Outono,180
Trigo,96,336.0,Silte,Sulcos,Mensal,25,Nenhum,Insetos,Sim,Alto,58.4454913522756,Inverno,0
Arroz,94,291.40000000000003,Aluvial,Aspersão,Mensal,26,Nenhum,Insetos,Sim,Médio,67.82268744021079,Primavera,0
Soja,47,235.0,Argila,Gotejamento,Diária,32,Nitrogênio,Nenhuma,Sim,Médio,67.62893701656573,Verão,200
Café,99,445.5,Areia,Gotejamento,Semanal,34,Composto,Insetos,Não,Baixo,147.38154531740952,Verão,150
Soja,55,247.5,Silte,Gotejamento,Mensal,35,Composto,Fungos,Não,Alto,161.9067318898135,Verão,150
Soja,40,168.0,Calcário,Aspersão,Diária,24,Fosfato,Nenhuma,Sim,Médio,137.50531476457394,Primavera,180
Trigo,52,176.79999999999998,Silte,Sulcos,Diária,24,Fosfato,Insetos,Sim,Baixo,194.32588227118129,Primavera,180
Café,16,78.4,Calcário,Aspersão,Diária,31,Fosfato,Nenhuma,Sim,Alto,106.23058692855561,Inverno,180
Café,13,33.800000000000004,Silte,Gotejamento,Mensal,19,Composto,Fungos,Não,Médio,92.8568129422791,Inverno,150
Uva,30,117.0,Aluvial,Gotejamento,Diária,31,Orgânico,Insetos,Não,Médio,180.28986922841904,Inverno,100
Café,19,72.2,Aluvial,Sulcos,Diária,30,Nenhum,Insetos,Não,Alto,83.5393757779179,Outono,0
Café,17,49.3,Aluvial,Sulcos,Diária,19,Orgânico,Insetos,Sim,Alto,194.4833809160917,Verão,100
Café,63,252.0,Argila,Sulcos,Mensal,33,Orgânico,Fungos,Não,Alto,51.82317120347245,Verão,100
Trigo,19,66.5,Calcário,Sulcos,Semanal,24,Composto,Ferrugem,Não,Alto,195.48182400614584,Inverno,150
Arroz,92,377.2,Aluvial,Aspersão,Diária,31,Orgânico,Ferrugem,Não,Baixo,56.473986792586416,Verão,100
Uva,58,278.4,Argila,Gotejamento,Diária,35,Nitrogênio,Fungos,Sim,Alto,183.67146705471066,Inverno,200
Soja,55,236.5,Calcário,Gotejamento,Semanal,32,Fosfato,Fungos,Não,Médio,129.15516636294498,Outono,180
Café,90,432.0,Silte,Aspersão,Semanal,32,Nitrogênio,Nenhuma,Sim,Médio,198.94471941789504,Outono,200
Cana-de-Açúcar,90,234.0,Argila,Sulcos,Semanal,20,Nenhum,Fungos,Não,Baixo,61.06948471030983,Primavera,0
Arroz,62,229.4,Areia,Aspersão,Diária,27,Fosfato,Insetos,Não,Médio,133.07814266019813,Outono,180
Arroz,23,82.8,Argila,Aspersão,Diária,28,Orgânico,Insetos,Sim,Médio,195.39538034286485,Inverno,100
Soja,9,32.4,Argila,Aspersão,Semanal,30,Nenhum,Ferrugem,Não,Alto,128.46467662552232,Outono,0
Trigo,12,51.6,Calcário,Sulcos,Semanal,32,Fosfato,Insetos,Não,Médio,144.40979572028937,Primavera,180
Milho,1,4.3,Silte,Gotejamento,Semanal,35,Orgânico,Ferrugem,Sim,Baixo,154.36230334769257,Verão,100
Milho,58,214.6,Areia,Sulcos,Semanal,26,Nitrogênio,Insetos,Não,Alto,118.18115971516599,Inverno,200
Arroz,1,4.0,Aluvial,Gotejamento,Semanal,24,Fosfato,Nenhuma,Sim,Alto,144.13371201260952,Verão,180
Batata,34,156.39999999999998,Aluvial,Gotejamento,Diária,31,Orgânico,Nenhuma,Sim,Baixo,137.64714678846502,Primavera,100
Batata,96,268.79999999999995,Argila,Sulcos,Mensal,18,Nitrogênio,Ferrugem,Não,Alto,185.17370157364834,Primavera,200
Soja,48,172.8,Calcário,Gotejamento,Semanal,25,Nenhum,Nenhuma,Sim,Alto,56.81695705121868,Primavera,0
Milho,89,320.40000000000003,Calcário,Aspersão,Semanal,28,Nenhum,Ferrugem,Não,Baixo,92.14447843883454,Verão,0
Arroz,1,4.0,Aluvial,Gotejamento,Semanal,32,Nenhum,Ferrugem,Sim,Alto,192.56172261148382,Verão,0
Trigo,16,67.2,Areia,Sulcos,Diária,34,Nenhum,Insetos,Sim,Baixo,183.53956758363745,Verão,0
Milho,61,225.7,Silte,Aspersão,Diária,29,Composto,Ferrugem,Não,Baixo,118.34851291785694,Verão,150
Arroz,64,262.4,Areia,Aspersão,Diária,33,Fosfato,Insetos,Não,Médio,143.0198896702305,Primavera,180
Arroz,63,252.0,Silte,Gotejamento,Semanal,32,Fosfato,Ferrugem,Sim,Médio,91.6071774471699,Primavera,180
Café,69,213.9,Aluvial,Aspersão,Diária,21,Composto,Fungos,Não,Alto,78.2181739585642,Inverno,150
Trigo,22,85.8,Silte,Sulcos,Mensal,27,Orgânico,Nenhuma,Não,Alto,119.55476074099732,Inverno,100
Café,93,316.2,Calcário,Gotejamento,Mensal,24,Orgânico,Ferrugem,Não,Baixo,103.00283420390792,Verão,100
Soja,67,294.8,Argila,Sulcos,Mensal,34,Nenhum,Insetos,Não,Alto,137.5484167776308,Outono,0
Café,76,212.8,Argila,Aspersão,Mensal,23,Nitrogênio,Fungos,Sim,Baixo,61.66019554474772,Outono,200
Cana-de-Açúcar,26,109.2,Aluvial,Gotejamento,Diária,32,Orgânico,Fungos,Não,Baixo,196.15922114992497,Primavera,100
Café,16,44.8,Calcário,Aspersão,Mensal,18,Nitrogênio,Ferrugem,Não,Alto,197.93161167194043,Primavera,200
